datetime,count
2021-10-01 0:00,46.327811003849256
2021-10-01 10:00,197.75079191775046
2021-10-01 11:00,236.34536664232104
2021-10-01 12:00,291.49052142464615
2021-10-01 13:00,290.59712866311264
2021-10-01 14:00,288.6224691214119
2021-10-01 15:00,292.72039592688265
2021-10-01 16:00,457.9958697676165
2021-10-01 17:00,438.65502257805525
2021-10-01 18:00,479.3585612056854
2021-10-01 19:00,485.770177208287
2021-10-01 1:00,17.460766059069993
2021-10-01 20:00,206.59388069117043
2021-10-01 21:00,253.96928024415402
2021-10-01 22:00,120.7243386514896
2021-10-01 23:00,70.79734743714344
2021-10-01 2:00,10.799547373861234
2021-10-01 3:00,7.988142018267798
2021-10-01 4:00,7.812786867750817
2021-10-01 5:00,40.78357932051328
2021-10-01 6:00,171.2472798477326
2021-10-01 7:00,343.6244665503506
2021-10-01 8:00,624.9760959918727
2021-10-01 9:00,353.9915503269065
2021-10-02 0:00,31.978397795503692
2021-10-02 10:00,91.4311114681324
2021-10-02 11:00,84.2018741828895
2021-10-02 12:00,195.41253794931598
2021-10-02 13:00,205.22031756183293
2021-10-02 14:00,86.21298045689792
2021-10-02 15:00,90.38500408851272
2021-10-02 16:00,192.3202895132592
2021-10-02 17:00,238.14833689715195
2021-10-02 18:00,210.68768189561578
2021-10-02 19:00,190.8433459849697
2021-10-02 1:00,15.165755976976175
2021-10-02 20:00,96.19902668661081
2021-10-02 21:00,96.25021791364806
2021-10-02 22:00,149.4358562895322
2021-10-02 23:00,88.5365789979157
2021-10-02 2:00,9.57644072592371
2021-10-02 3:00,6.762306217214749
2021-10-02 4:00,7.741453479368362
2021-10-02 5:00,40.99385897718085
2021-10-02 6:00,69.16973559574156
2021-10-02 7:00,153.08547927351307
2021-10-02 8:00,157.71890948537998
2021-10-02 9:00,130.7285254704452
2021-10-03 0:00,26.078910088764854
2021-10-03 10:00,199.5554806380202
2021-10-03 11:00,203.55518012850217
2021-10-03 12:00,290.15208789492766
2021-10-03 13:00,218.18413531897806
2021-10-03 14:00,269.24138720784765
2021-10-03 15:00,281.13781522731864
2021-10-03 16:00,441.0148802991579
2021-10-03 17:00,836.7163279304428
2021-10-03 18:00,830.3954594832061
2021-10-03 19:00,617.7544693444322
2021-10-03 1:00,14.655387949899252
2021-10-03 20:00,437.2624821436045
2021-10-03 21:00,300.2758225066576
2021-10-03 22:00,219.05085600696765
2021-10-03 23:00,125.70315334442984
2021-10-03 2:00,6.454009598000931
2021-10-03 3:00,6.69533534716525
2021-10-03 4:00,7.11857747032617
2021-10-03 5:00,42.45162586542339
2021-10-03 6:00,164.78791551657406
2021-10-03 7:00,360.39792224847747
2021-10-03 8:00,640.7574782028314
2021-10-03 9:00,306.0144858061147
2021-10-04 0:00,51.73115648741608
2021-10-04 10:00,189.52690228565868
2021-10-04 11:00,228.98681146238636
2021-10-04 12:00,291.6537266310261
2021-10-04 13:00,286.7399633510373
2021-10-04 14:00,273.7028417390402
2021-10-04 15:00,300.7160996950935
2021-10-04 16:00,462.5884146239764
2021-10-04 17:00,801.5592255770435
2021-10-04 18:00,795.1069224586171
2021-10-04 19:00,586.2805788371046
2021-10-04 1:00,16.958709128277025
2021-10-04 20:00,431.34564578780066
2021-10-04 21:00,306.5555825408177
2021-10-04 22:00,262.9111832473141
2021-10-04 23:00,179.23700708135522
2021-10-04 2:00,9.102338278493388
2021-10-04 3:00,8.37371879521293
2021-10-04 4:00,8.79859872649159
2021-10-04 5:00,34.93104395343399
2021-10-04 6:00,56.12020118752423
2021-10-04 7:00,394.2445778889371
2021-10-04 8:00,670.8634622223058
2021-10-04 9:00,260.1010459010856
2021-10-05 0:00,78.57132022832974
2021-10-05 10:00,227.69615281292732
2021-10-05 11:00,280.5056657535649
2021-10-05 12:00,375.78902084839814
2021-10-05 13:00,380.617438862763
2021-10-05 14:00,375.3110194422708
2021-10-05 15:00,368.83305412070126
2021-10-05 16:00,501.45872803424936
2021-10-05 17:00,837.2544321747322
2021-10-05 18:00,780.0777721597349
2021-10-05 19:00,549.4803269546312
2021-10-05 1:00,36.88271894182956
2021-10-05 20:00,365.13616154304236
2021-10-05 21:00,280.183895498144
2021-10-05 22:00,218.95263351679088
2021-10-05 23:00,168.62345065807628
2021-10-05 2:00,19.563850556298387
2021-10-05 3:00,11.619412629353654
2021-10-05 4:00,10.402952954491266
2021-10-05 5:00,42.82103441708532
2021-10-05 6:00,168.36131953787333
2021-10-05 7:00,438.4860593021814
2021-10-05 8:00,707.1585996389581
2021-10-05 9:00,347.8041651739239
2021-10-06 0:00,154.671210383715
2021-10-06 10:00,413.69926462361775
2021-10-06 11:00,411.04713727475047
2021-10-06 12:00,601.0181633260993
2021-10-06 13:00,568.835233967167
2021-10-06 14:00,566.0600822154446
2021-10-06 15:00,595.0948565881419
2021-10-06 16:00,575.1441957712403
2021-10-06 17:00,508.2115254278531
2021-10-06 18:00,418.4079872616572
2021-10-06 19:00,291.582548418536
2021-10-06 1:00,113.03071446215843
2021-10-06 20:00,235.40449506643603
2021-10-06 21:00,191.99302310977842
2021-10-06 22:00,144.25906854684476
2021-10-06 23:00,131.54064183797254
2021-10-06 2:00,74.78723978264205
2021-10-06 3:00,32.2340995163161
2021-10-06 4:00,15.34932337365874
2021-10-06 5:00,19.023650171009894
2021-10-06 6:00,30.793485178640424
2021-10-06 7:00,75.11922060053277
2021-10-06 8:00,190.6707016246254
2021-10-06 9:00,289.3838788516874
2021-10-07 0:00,89.78421455385725
2021-10-07 10:00,250.657315942219
2021-10-07 11:00,273.89898364930895
2021-10-07 12:00,281.8430231263085
2021-10-07 13:00,294.287622748485
2021-10-07 14:00,295.40814576423605
2021-10-07 15:00,106.9168924475599
2021-10-07 16:00,114.71869008307955
2021-10-07 17:00,120.81470510197909
2021-10-07 18:00,119.71062272446392
2021-10-07 19:00,197.5471774617879
2021-10-07 1:00,69.14641391616226
2021-10-07 20:00,152.25580286032854
2021-10-07 21:00,106.7843007176365
2021-10-07 22:00,95.66108561917162
2021-10-07 23:00,78.9908668437915
2021-10-07 2:00,59.75275545220175
2021-10-07 3:00,32.431687606423424
2021-10-07 4:00,11.460089435046198
2021-10-07 5:00,12.351179850081568
2021-10-07 6:00,22.07895187626026
2021-10-07 7:00,77.72649360503499
2021-10-07 8:00,80.92635964299234
2021-10-07 9:00,106.30650893569775
2021-10-08 0:00,41.07382921187455
2021-10-08 10:00,223.56774195858077
2021-10-08 11:00,247.6720457406978
2021-10-08 12:00,260.7702898781889
2021-10-08 13:00,267.5670015617144
2021-10-08 14:00,257.56302410395756
2021-10-08 15:00,125.8779640034798
2021-10-08 16:00,129.04305981390783
2021-10-08 17:00,249.42180890814046
2021-10-08 18:00,229.59415503509769
2021-10-08 19:00,185.7822418594956
2021-10-08 1:00,32.80098764533991
2021-10-08 20:00,110.23863011038105
2021-10-08 21:00,103.6775931499791
2021-10-08 22:00,62.97861802150355
2021-10-08 23:00,55.598758166088025
2021-10-08 2:00,16.979725177427387
2021-10-08 3:00,11.454226388086864
2021-10-08 4:00,9.662600616835507
2021-10-08 5:00,9.38246850682442
2021-10-08 6:00,39.159907862834274
2021-10-08 7:00,61.61224610638145
2021-10-08 8:00,113.68364565676026
2021-10-08 9:00,181.19913087307438
2021-10-09 0:00,20.23333374432311
2021-10-09 10:00,184.27671934089565
2021-10-09 11:00,222.8956192252934
2021-10-09 12:00,272.43895442525417
2021-10-09 13:00,271.5004877145463
2021-10-09 14:00,275.3510256947263
2021-10-09 15:00,274.25191940373736
2021-10-09 16:00,406.83189392060444
2021-10-09 17:00,703.4227931063159
2021-10-09 18:00,668.7283635658658
2021-10-09 19:00,429.5415658410737
2021-10-09 1:00,8.594771870293531
2021-10-09 20:00,300.1857077343935
2021-10-09 21:00,228.51995029236667
2021-10-09 22:00,138.41784325800447
2021-10-09 23:00,87.15609955941457
2021-10-09 2:00,5.850612071389887
2021-10-09 3:00,5.106149833180536
2021-10-09 4:00,5.438409695967984
2021-10-09 5:00,36.40193557793371
2021-10-09 6:00,136.88558554166485
2021-10-09 7:00,300.6806197239961
2021-10-09 8:00,452.02120664486546
2021-10-09 9:00,267.4191795518776
2021-10-10 0:00,34.05266163801867
2021-10-10 10:00,201.4589859543954
2021-10-10 11:00,229.49027182319992
2021-10-10 12:00,287.06514058692204
2021-10-10 13:00,284.7217007253388
2021-10-10 14:00,283.9136077036639
2021-10-10 15:00,287.1056783947939
2021-10-10 16:00,457.15061211816675
2021-10-10 17:00,812.5873310958774
2021-10-10 18:00,767.2693941330558
2021-10-10 19:00,508.7353422062385
2021-10-10 1:00,16.26120691638408
2021-10-10 20:00,389.82608462399804
2021-10-10 21:00,262.8972500586883
2021-10-10 22:00,145.64795324078912
2021-10-10 23:00,72.09200336822965
2021-10-10 2:00,6.307871583814697
2021-10-10 3:00,6.102501122641022
2021-10-10 4:00,6.551349142819121
2021-10-10 5:00,44.73397435702115
2021-10-10 6:00,166.9895409949375
2021-10-10 7:00,463.13930433714137
2021-10-10 8:00,692.0271150669059
2021-10-10 9:00,354.59740542232913
2021-10-11 0:00,55.78849272345097
2021-10-11 10:00,189.8890982723019
2021-10-11 11:00,228.98902234369228
2021-10-11 12:00,271.88026399696184
2021-10-11 13:00,286.3114653705658
2021-10-11 14:00,268.1318225689908
2021-10-11 15:00,276.40360775377223
2021-10-11 16:00,442.52545512012705
2021-10-11 17:00,733.2621226074117
2021-10-11 18:00,623.538470902964
2021-10-11 19:00,321.4485655435597
2021-10-11 1:00,19.342855329385745
2021-10-11 20:00,253.16351932558084
2021-10-11 21:00,204.75711162149048
2021-10-11 22:00,150.66205055656783
2021-10-11 23:00,146.11297060485734
2021-10-11 2:00,10.350801121922077
2021-10-11 3:00,7.193209846596466
2021-10-11 4:00,6.042007682685336
2021-10-11 5:00,36.28696359240851
2021-10-11 6:00,128.8067505371979
2021-10-11 7:00,304.06952838677773
2021-10-11 8:00,468.2473764569414
2021-10-11 9:00,267.3117760317081
2021-10-12 0:00,53.60378844812245
2021-10-12 10:00,210.10089963315178
2021-10-12 11:00,270.3348324595758
2021-10-12 12:00,347.8621920312951
2021-10-12 13:00,347.35891879909536
2021-10-12 14:00,341.1312423501209
2021-10-12 15:00,346.2574751304607
2021-10-12 16:00,368.29408789649494
2021-10-12 17:00,616.0021720881317
2021-10-12 18:00,439.915009717734
2021-10-12 19:00,312.77240306107274
2021-10-12 1:00,29.343913399249125
2021-10-12 20:00,243.6686905873649
2021-10-12 21:00,170.69790626807256
2021-10-12 22:00,143.31852892954373
2021-10-12 23:00,92.39557039808314
2021-10-12 2:00,10.343294481502598
2021-10-12 3:00,6.944225759462092
2021-10-12 4:00,6.248111804427581
2021-10-12 5:00,35.93023531469879
2021-10-12 6:00,118.53961870377726
2021-10-12 7:00,299.51502180535226
2021-10-12 8:00,434.15035807729174
2021-10-12 9:00,342.34625046161574
2021-10-13 0:00,82.37703974175412
2021-10-13 10:00,253.38063954325605
2021-10-13 11:00,280.98661095059833
2021-10-13 12:00,300.7459655829529
2021-10-13 13:00,446.28091363879327
2021-10-13 14:00,521.6889548963817
2021-10-13 15:00,540.9682251643861
2021-10-13 16:00,510.7390910991734
2021-10-13 17:00,342.3188600400133
2021-10-13 18:00,281.4605542832177
2021-10-13 19:00,204.38734340797316
2021-10-13 1:00,64.89192243084932
2021-10-13 20:00,155.82471439147443
2021-10-13 21:00,131.37280278017155
2021-10-13 22:00,124.01142292251392
2021-10-13 23:00,107.01973026327313
2021-10-13 2:00,46.64710941059639
2021-10-13 3:00,22.381412849875886
2021-10-13 4:00,8.995523706679359
2021-10-13 5:00,8.849683687439784
2021-10-13 6:00,28.618449031425772
2021-10-13 7:00,57.004055454736914
2021-10-13 8:00,138.89632592225217
2021-10-13 9:00,198.72943615058463
2021-10-14 0:00,81.5878097496018
2021-10-14 10:00,412.5500533667783
2021-10-14 11:00,496.8696852647435
2021-10-14 12:00,598.5823737856098
2021-10-14 13:00,603.6120884925134
2021-10-14 14:00,607.1498545596511
2021-10-14 15:00,600.5591912643456
2021-10-14 16:00,615.0016787294234
2021-10-14 17:00,565.750926225285
2021-10-14 18:00,446.30365782579753
2021-10-14 19:00,367.0178223204323
2021-10-14 1:00,63.85190604239191
2021-10-14 20:00,244.38896247388155
2021-10-14 21:00,189.87025580599345
2021-10-14 22:00,147.92742932060852
2021-10-14 23:00,82.70805137193412
2021-10-14 2:00,59.00875561727206
2021-10-14 3:00,20.901718728749934
2021-10-14 4:00,13.41089476188586
2021-10-14 5:00,11.91555534229427
2021-10-14 6:00,21.642727417182442
2021-10-14 7:00,72.78465998926762
2021-10-14 8:00,106.29882463813416
2021-10-14 9:00,256.81356930784324
2021-10-15 0:00,33.00697914295757
2021-10-15 10:00,196.98801495614822
2021-10-15 11:00,226.56403268080774
2021-10-15 12:00,166.9877462592364
2021-10-15 13:00,181.43326854123512
2021-10-15 14:00,186.78188916066478
2021-10-15 15:00,199.3796492110778
2021-10-15 16:00,421.62852728764443
2021-10-15 17:00,754.8341823541526
2021-10-15 18:00,348.4886195441361
2021-10-15 19:00,240.91933880795563
2021-10-15 1:00,14.991886756315767
2021-10-15 20:00,336.86779417184715
2021-10-15 21:00,247.25449855482876
2021-10-15 22:00,153.61959313263276
2021-10-15 23:00,83.77277189483674
2021-10-15 2:00,9.213537028476589
2021-10-15 3:00,7.653941061253517
2021-10-15 4:00,7.818984810959799
2021-10-15 5:00,43.71373421993306
2021-10-15 6:00,163.96138273633142
2021-10-15 7:00,451.2470673776933
2021-10-15 8:00,702.6634000855889
2021-10-15 9:00,221.29625519546602
2021-10-16 0:00,37.44913376010803
2021-10-16 10:00,194.13461782097673
2021-10-16 11:00,228.3584203546315
2021-10-16 12:00,282.9735099997007
2021-10-16 13:00,286.3602840797272
2021-10-16 14:00,279.17379060828614
2021-10-16 15:00,280.6612651482072
2021-10-16 16:00,433.08308430133593
2021-10-16 17:00,740.2758748770412
2021-10-16 18:00,731.8608412056238
2021-10-16 19:00,463.198383829539
2021-10-16 1:00,15.561737887341415
2021-10-16 20:00,293.64449028529793
2021-10-16 21:00,228.76015315957397
2021-10-16 22:00,140.71062186983443
2021-10-16 23:00,60.87766606212239
2021-10-16 2:00,10.215309724501754
2021-10-16 3:00,6.886246058028881
2021-10-16 4:00,6.988074682917023
2021-10-16 5:00,44.02621758535777
2021-10-16 6:00,171.54948293354488
2021-10-16 7:00,322.16651726587764
2021-10-16 8:00,502.9247024247427
2021-10-16 9:00,345.1445967250149
2021-10-17 0:00,25.32410109212199
2021-10-17 10:00,189.84284896210653
2021-10-17 11:00,223.4927661976791
2021-10-17 12:00,283.18463215070915
2021-10-17 13:00,283.0520250466853
2021-10-17 14:00,281.5938390899039
2021-10-17 15:00,286.90794883260526
2021-10-17 16:00,443.3496222267911
2021-10-17 17:00,748.8539131740979
2021-10-17 18:00,734.3411435190515
2021-10-17 19:00,458.8595810940162
2021-10-17 1:00,11.619988983325781
2021-10-17 20:00,313.92137348895307
2021-10-17 21:00,231.31203073464022
2021-10-17 22:00,121.31336800601827
2021-10-17 23:00,89.1633951521802
2021-10-17 2:00,5.828953419301059
2021-10-17 3:00,6.620007941000312
2021-10-17 4:00,6.391597136433659
2021-10-17 5:00,37.120822217000885
2021-10-17 6:00,139.6551657032952
2021-10-17 7:00,316.8363724786959
2021-10-17 8:00,455.1948677508529
2021-10-17 9:00,272.9083999314883
2021-10-18 0:00,46.280697119741156
2021-10-18 10:00,194.7880942272417
2021-10-18 11:00,243.21744563300132
2021-10-18 12:00,290.101674096344
2021-10-18 13:00,290.38249603826824
2021-10-18 14:00,286.2843180464433
2021-10-18 15:00,265.8294618664356
2021-10-18 16:00,444.8472012001167
2021-10-18 17:00,755.5505574684519
2021-10-18 18:00,732.7372284370671
2021-10-18 19:00,487.24649095967493
2021-10-18 1:00,21.41054456751057
2021-10-18 20:00,357.9275888980469
2021-10-18 21:00,247.15518269530543
2021-10-18 22:00,191.375940321828
2021-10-18 23:00,131.7189291039579
2021-10-18 2:00,7.740949524044782
2021-10-18 3:00,7.000296864643788
2021-10-18 4:00,6.402881815326497
2021-10-18 5:00,45.89463260386959
2021-10-18 6:00,163.22972511380078
2021-10-18 7:00,324.80339737974543
2021-10-18 8:00,576.551815153745
2021-10-18 9:00,331.3379518559196
2021-10-19 0:00,69.00213061502897
2021-10-19 10:00,165.7460774004523
2021-10-19 11:00,168.91708322709835
2021-10-19 12:00,313.88237017096515
2021-10-19 13:00,239.88700628270178
2021-10-19 14:00,319.50443083188804
2021-10-19 15:00,319.26019801858945
2021-10-19 16:00,208.64224337828867
2021-10-19 17:00,434.4481997540545
2021-10-19 18:00,356.07864346207623
2021-10-19 19:00,309.27795841703846
2021-10-19 1:00,24.474608809817003
2021-10-19 20:00,356.93918379118116
2021-10-19 21:00,261.1338875151164
2021-10-19 22:00,197.4198702535357
2021-10-19 23:00,119.06060839897698
2021-10-19 2:00,7.460154394437185
2021-10-19 3:00,8.485197577435926
2021-10-19 4:00,9.004770481803801
2021-10-19 5:00,39.78503263758606
2021-10-19 6:00,54.1796105445082
2021-10-19 7:00,135.19749370083522
2021-10-19 8:00,581.5881149098876
2021-10-19 9:00,270.7915742358133
2021-10-20 0:00,132.90913106947554
2021-10-20 10:00,423.3959950077242
2021-10-20 11:00,519.509264126445
2021-10-20 12:00,561.0959186045885
2021-10-20 13:00,563.5970157181356
2021-10-20 14:00,557.4719058775306
2021-10-20 15:00,550.7318014498477
2021-10-20 16:00,542.0515591610823
2021-10-20 17:00,528.2582676863258
2021-10-20 18:00,440.98951012718123
2021-10-20 19:00,293.77253037578686
2021-10-20 1:00,96.69573434423624
2021-10-20 20:00,234.8278461625525
2021-10-20 21:00,183.55706872446612
2021-10-20 22:00,146.41049594595665
2021-10-20 23:00,109.7783552236364
2021-10-20 2:00,62.76696575525414
2021-10-20 3:00,27.170865962131952
2021-10-20 4:00,11.241839018111168
2021-10-20 5:00,11.563296147113181
2021-10-20 6:00,37.70334863310633
2021-10-20 7:00,76.58898212450563
2021-10-20 8:00,191.1665081675274
2021-10-20 9:00,292.7277709599079
2021-10-21 0:00,89.74513545801345
2021-10-21 10:00,418.65833185602344
2021-10-21 11:00,486.84881453844525
2021-10-21 12:00,501.2788584146961
2021-10-21 13:00,510.01717787939646
2021-10-21 14:00,517.8538143336758
2021-10-21 15:00,507.37529345687597
2021-10-21 16:00,533.2672218070151
2021-10-21 17:00,499.1997646662233
2021-10-21 18:00,417.31730967479893
2021-10-21 19:00,286.167317522745
2021-10-21 1:00,67.69858357573015
2021-10-21 20:00,221.52508195702896
2021-10-21 21:00,146.70245778885877
2021-10-21 22:00,128.87294084710064
2021-10-21 23:00,93.38453822034502
2021-10-21 2:00,58.23837843983143
2021-10-21 3:00,29.212735033311926
2021-10-21 4:00,10.5897188966926
2021-10-21 5:00,12.047028837810343
2021-10-21 6:00,23.0766331022041
2021-10-21 7:00,68.8042627627851
2021-10-21 8:00,105.28137500807075
2021-10-21 9:00,236.65619488179436
2021-10-22 0:00,28.56537756397086
2021-10-22 10:00,193.61787917695148
2021-10-22 11:00,232.24221968461242
2021-10-22 12:00,285.9539615839264
2021-10-22 13:00,285.0020482851528
2021-10-22 14:00,278.10109283937896
2021-10-22 15:00,288.93841863878674
2021-10-22 16:00,471.50070366975
2021-10-22 17:00,852.0630147062243
2021-10-22 18:00,721.978587471346
2021-10-22 19:00,506.43412058118946
2021-10-22 1:00,13.806935893252147
2021-10-22 20:00,316.9037446233711
2021-10-22 21:00,243.62945291439058
2021-10-22 22:00,135.39959516392113
2021-10-22 23:00,85.66589884719272
2021-10-22 2:00,6.997313832474766
2021-10-22 3:00,6.863264808185465
2021-10-22 4:00,6.378330500459921
2021-10-22 5:00,36.60069470893668
2021-10-22 6:00,131.3761265762691
2021-10-22 7:00,295.9332037474526
2021-10-22 8:00,457.9022587384902
2021-10-22 9:00,311.09603114208016
2021-10-23 0:00,36.25370771269594
2021-10-23 10:00,198.2861668317004
2021-10-23 11:00,233.7557734726154
2021-10-23 12:00,289.6273408857429
2021-10-23 13:00,294.3844278392354
2021-10-23 14:00,284.7678674958056
2021-10-23 15:00,291.5159912550095
2021-10-23 16:00,489.59298933810277
2021-10-23 17:00,851.8659611705452
2021-10-23 18:00,820.1941839034581
2021-10-23 19:00,586.6346746800538
2021-10-23 1:00,16.66860026892423
2021-10-23 20:00,419.1837436505521
2021-10-23 21:00,289.52635342139286
2021-10-23 22:00,201.2778161825574
2021-10-23 23:00,102.41726680227522
2021-10-23 2:00,6.350031271374866
2021-10-23 3:00,7.883000063293791
2021-10-23 4:00,7.742191397935199
2021-10-23 5:00,42.4544735370487
2021-10-23 6:00,162.57468537091478
2021-10-23 7:00,357.06925653000764
2021-10-23 8:00,639.139271233797
2021-10-23 9:00,326.000328551698
2021-10-24 0:00,47.005793829977385
2021-10-24 10:00,195.64570238431034
2021-10-24 11:00,226.155211582797
2021-10-24 12:00,290.08475499368717
2021-10-24 13:00,292.59072682902746
2021-10-24 14:00,282.6470160877761
2021-10-24 15:00,291.7081870702449
2021-10-24 16:00,484.99164841393343
2021-10-24 17:00,839.3182612901644
2021-10-24 18:00,859.9693391851571
2021-10-24 19:00,512.7638926522716
2021-10-24 1:00,20.378408875955703
2021-10-24 20:00,389.7325353676364
2021-10-24 21:00,289.39277424039483
2021-10-24 22:00,198.8713477436442
2021-10-24 23:00,102.09105686327453
2021-10-24 2:00,10.031046334279635
2021-10-24 3:00,7.595231709230843
2021-10-24 4:00,7.4456519187241845
2021-10-24 5:00,44.88713409987667
2021-10-24 6:00,187.37841031879498
2021-10-24 7:00,334.40709474546946
2021-10-24 8:00,611.7791035750721
2021-10-24 9:00,330.9152369064947
2021-10-25 0:00,58.62754673278646
2021-10-25 10:00,158.3219866522318
2021-10-25 11:00,154.56682635958336
2021-10-25 12:00,210.14792689533397
2021-10-25 13:00,211.37765484139481
2021-10-25 14:00,238.07164780618024
2021-10-25 15:00,261.97764660194235
2021-10-25 16:00,427.31114669239713
2021-10-25 17:00,781.7266347609882
2021-10-25 18:00,354.2402038135179
2021-10-25 19:00,355.6942500934053
2021-10-25 1:00,23.982729544626164
2021-10-25 20:00,244.78894956628866
2021-10-25 21:00,214.8455811008629
2021-10-25 22:00,187.64758071444606
2021-10-25 23:00,133.07270747271764
2021-10-25 2:00,11.350784508048747
2021-10-25 3:00,8.283142064324153
2021-10-25 4:00,7.9621232274202765
2021-10-25 5:00,43.162027170926734
2021-10-25 6:00,156.23565210912597
2021-10-25 7:00,404.0819030398643
2021-10-25 8:00,604.7460053911657
2021-10-25 9:00,294.8046735545063
2021-10-26 0:00,69.05560345432835
2021-10-26 10:00,157.0175953039689
2021-10-26 11:00,205.28616526675293
2021-10-26 12:00,248.2959272185852
2021-10-26 13:00,303.25505979163415
2021-10-26 14:00,324.148598677608
2021-10-26 15:00,333.64342601747893
2021-10-26 16:00,432.75275927339624
2021-10-26 17:00,679.5060252996545
2021-10-26 18:00,563.8746038868857
2021-10-26 19:00,335.6996846938725
2021-10-26 1:00,26.334066838252088
2021-10-26 20:00,259.64402878433145
2021-10-26 21:00,245.46515855121478
2021-10-26 22:00,186.440906566795
2021-10-26 23:00,163.88724488540532
2021-10-26 2:00,8.076560790058512
2021-10-26 3:00,8.845533151964952
2021-10-26 4:00,8.381080654106755
2021-10-26 5:00,42.52611756762296
2021-10-26 6:00,150.44683431926885
2021-10-26 7:00,405.45355108543146
2021-10-26 8:00,586.7039659397926
2021-10-26 9:00,298.222435979554
2021-10-27 0:00,155.47250758520056
2021-10-27 10:00,403.7953884245217
2021-10-27 11:00,480.3756664642677
2021-10-27 12:00,604.7021804774475
2021-10-27 13:00,621.4223011274861
2021-10-27 14:00,610.7837506242938
2021-10-27 15:00,494.9317750796038
2021-10-27 16:00,458.2817471504929
2021-10-27 17:00,492.4042967785615
2021-10-27 18:00,449.7327096222521
2021-10-27 19:00,349.4847539294367
2021-10-27 1:00,104.40623812286601
2021-10-27 20:00,253.2824870274483
2021-10-27 21:00,208.35233042154087
2021-10-27 22:00,190.30442207003972
2021-10-27 23:00,147.62900155026267
2021-10-27 2:00,59.712392403800436
2021-10-27 3:00,31.993655456371094
2021-10-27 4:00,14.516422224761525
2021-10-27 5:00,16.168965391097206
2021-10-27 6:00,31.634147884859217
2021-10-27 7:00,80.50264436035091
2021-10-27 8:00,195.5713259576452
2021-10-27 9:00,279.2755756841733
2021-10-28 0:00,117.41969274970552
2021-10-28 10:00,411.1013358831034
2021-10-28 11:00,474.23912409683373
2021-10-28 12:00,501.8736902792855
2021-10-28 13:00,504.7353295983942
2021-10-28 14:00,512.0844521848487
2021-10-28 15:00,480.6746617943199
2021-10-28 16:00,268.4440449966416
2021-10-28 17:00,197.3028270758456
2021-10-28 18:00,90.02413147029216
2021-10-28 19:00,91.06184771433102
2021-10-28 1:00,112.03717513232218
2021-10-28 20:00,79.33808085477591
2021-10-28 21:00,62.068061417697834
2021-10-28 22:00,49.9446809638248
2021-10-28 23:00,49.88359977750673
2021-10-28 2:00,83.07084888085694
2021-10-28 3:00,31.690527381854793
2021-10-28 4:00,11.497346089960285
2021-10-28 5:00,13.762754035242576
2021-10-28 6:00,22.627578681612246
2021-10-28 7:00,59.24699052383467
2021-10-28 8:00,128.483011929457
2021-10-28 9:00,258.8541234843476
2021-10-29 0:00,19.90103760431057
2021-10-30 13:00,86.10217974505022
2021-10-30 14:00,85.42907740386933
2021-10-30 15:00,77.83918232053222
2021-10-30 16:00,93.29906438806744
2021-10-30 17:00,151.20341298764828
2021-10-30 18:00,197.23839062153647
2021-10-30 19:00,447.42237394458
2021-10-30 20:00,163.1388968749355
2021-10-30 21:00,118.45966515751124
2021-10-30 22:00,105.73521173522566
2021-10-30 23:00,54.31647098673519
2021-10-31 0:00,20.626627731437846
2021-10-31 10:00,150.23922940400786
2021-10-31 11:00,153.2436660830219
2021-10-31 12:00,181.62257954955592
2021-10-31 13:00,192.18199760790722
2021-10-31 14:00,182.03405571231878
2021-10-31 15:00,182.22787449823366
2021-10-31 16:00,221.84194128912065
2021-10-31 17:00,420.4848891862097
2021-10-31 18:00,420.7689591524883
2021-10-31 19:00,327.56630929582315
2021-10-31 1:00,9.318162615622771
2021-10-31 20:00,223.5165411542692
2021-10-31 21:00,145.59042611360752
2021-10-31 22:00,124.86320664469372
2021-10-31 23:00,54.988549416378866
2021-10-31 2:00,4.711267356817495
2021-10-31 3:00,5.411209984187384
2021-10-31 4:00,5.425630392419707
2021-10-31 5:00,33.58711203251191
2021-10-31 6:00,118.10931142405786
2021-10-31 7:00,249.70953498775324
2021-10-31 8:00,556.3319638173741
2021-10-31 9:00,286.34503059720424
2021-11-01 0:00,25.718840178845642
2021-11-01 10:00,127.45662072274138
2021-11-01 11:00,126.0036098075574
2021-11-01 12:00,139.39073720251002
2021-11-01 13:00,196.93760998678835
2021-11-01 14:00,185.58486918855365
2021-11-01 15:00,177.3999494663616
2021-11-01 16:00,218.72708021703974
2021-11-01 17:00,222.30851583995837
2021-11-01 18:00,407.30627503436205
2021-11-01 19:00,307.63391132119335
2021-11-01 1:00,11.674724953282986
2021-11-01 20:00,210.33865613349226
2021-11-01 21:00,155.55106804157404
2021-11-01 22:00,135.69584760561807
2021-11-01 23:00,82.7070506026136
2021-11-01 2:00,6.210408979264794
2021-11-01 3:00,5.989585039179339
2021-11-01 4:00,5.733980785690378
2021-11-01 5:00,36.078389169542454
2021-11-01 6:00,119.18581582793571
2021-11-01 7:00,309.7589092885015
2021-11-01 8:00,477.8900806509495
2021-11-01 9:00,182.49162778518922
2021-11-02 0:00,37.32037016818686
2021-11-02 10:00,185.02352511866053
2021-11-02 11:00,205.63488640427246
2021-11-02 12:00,226.47534251234757
2021-11-02 13:00,219.49360738964828
2021-11-02 14:00,206.6205662488561
2021-11-02 15:00,190.52222707226755
2021-11-02 16:00,227.82834943907028
2021-11-02 17:00,416.08151107358856
2021-11-02 18:00,405.8713218695702
2021-11-02 19:00,306.99229552147835
2021-11-02 1:00,18.523855018476063
2021-11-02 20:00,209.3360041553244
2021-11-02 21:00,140.50783835315409
2021-11-02 22:00,123.67558518009001
2021-11-02 23:00,88.81637747769531
2021-11-02 2:00,7.221631736267807
2021-11-02 3:00,5.4901782649565325
2021-11-02 4:00,5.482500681553882
2021-11-02 5:00,33.981900687061966
2021-11-02 6:00,109.31411308124495
2021-11-02 7:00,294.09927991792705
2021-11-02 8:00,556.1107125537972
2021-11-02 9:00,289.9493135376993
2021-11-03 0:00,75.55641747253922
2021-11-03 10:00,259.5053998572149
2021-11-03 11:00,280.716983115545
2021-11-03 12:00,293.15464231828423
2021-11-03 13:00,296.7640732060313
2021-11-03 14:00,284.6768208918765
2021-11-03 15:00,286.0439610636508
2021-11-03 16:00,274.13680100562453
2021-11-03 17:00,263.1156493829358
2021-11-03 18:00,232.49779961478237
2021-11-03 19:00,182.2748432145961
2021-11-03 1:00,47.66135087338231
2021-11-03 20:00,143.58079321248155
2021-11-03 21:00,124.84893420786835
2021-11-03 22:00,112.44537125597131
2021-11-03 23:00,96.63213722980049
2021-11-03 2:00,44.675626526883335
2021-11-03 3:00,22.85940465591893
2021-11-03 4:00,8.761360238599947
2021-11-03 5:00,8.665120980331206
2021-11-03 6:00,29.145959128757713
2021-11-03 7:00,56.96059835386464
2021-11-03 8:00,115.20684064432086
2021-11-03 9:00,168.43003325561588
2021-11-04 0:00,71.82822472015064
2021-11-04 10:00,244.08552358917134
2021-11-04 11:00,273.1162249331809
2021-11-04 12:00,285.9301439746527
2021-11-04 13:00,306.1049222071206
2021-11-04 14:00,302.4324026739672
2021-11-04 15:00,299.6438648914902
2021-11-04 16:00,304.45013371535185
2021-11-04 17:00,283.42645709420276
2021-11-04 18:00,243.73288757762978
2021-11-04 19:00,184.02692229426353
2021-11-04 1:00,73.61499804805285
2021-11-04 20:00,110.47611253002044
2021-11-04 21:00,80.98069979915745
2021-11-04 22:00,80.01356222015089
2021-11-04 23:00,75.97034162406071
2021-11-04 2:00,48.79784878924189
2021-11-04 3:00,28.336033038167308
2021-11-04 4:00,9.272944738110581
2021-11-04 5:00,8.056945615502144
2021-11-04 6:00,27.86542807774438
2021-11-04 7:00,31.252656522976128
2021-11-04 8:00,95.95301760271917
2021-11-04 9:00,164.1798700136769
2021-11-05 0:00,22.565967134826252
2021-11-05 10:00,137.16002090263336
2021-11-05 11:00,157.68712436352888
2021-11-05 12:00,200.28908547316706
2021-11-05 13:00,194.04567017580723
2021-11-05 14:00,190.16187414880613
2021-11-05 15:00,190.1134963852583
2021-11-05 16:00,230.0408866798897
2021-11-05 17:00,368.66701040185563
2021-11-05 18:00,372.71263250092096
2021-11-05 19:00,256.9068213864592
2021-11-05 1:00,11.980630191423105
2021-11-05 20:00,189.11977966171315
2021-11-05 21:00,120.06317847024553
2021-11-05 22:00,97.17854616152447
2021-11-05 23:00,47.87652643344244
2021-11-05 2:00,6.109197062423025
2021-11-05 3:00,5.382752019243664
2021-11-05 4:00,5.585167639800754
2021-11-05 5:00,34.51553925338697
2021-11-05 6:00,105.21178964954342
2021-11-05 7:00,261.89037646103213
2021-11-05 8:00,516.543564142509
2021-11-05 9:00,269.59710696308736
2021-11-06 0:00,20.806749679865174
2021-11-06 10:00,135.50575631052124
2021-11-06 11:00,152.26730823380845
2021-11-06 12:00,179.02833863762868
2021-11-06 13:00,183.93390250244147
2021-11-06 14:00,188.0390976774102
2021-11-06 15:00,175.01029867577404
2021-11-06 16:00,221.4703468790742
2021-11-06 17:00,314.31790116852494
2021-11-06 18:00,320.80010563675825
2021-11-06 19:00,221.7403036539773
2021-11-06 1:00,9.450422284947338
2021-11-06 20:00,174.49965528649562
2021-11-06 21:00,114.82832123743304
2021-11-06 22:00,94.6925642756678
2021-11-06 23:00,50.068873062900714
2021-11-06 2:00,4.288214039398707
2021-11-06 3:00,4.0050694126585125
2021-11-06 4:00,4.096477125652483
2021-11-06 5:00,25.83268601358062
2021-11-06 6:00,108.81015114865144
2021-11-06 7:00,271.7141744450723
2021-11-06 8:00,467.0545778548585
2021-11-06 9:00,245.24893389876735
2021-11-07 0:00,22.179081460634578
2021-11-07 10:00,125.71202934327114
2021-11-07 11:00,138.39995048552728
2021-11-07 12:00,147.6674331219492
2021-11-07 13:00,145.7204835938053
2021-11-07 14:00,134.63427171611121
2021-11-07 15:00,142.52014396586483
2021-11-07 16:00,193.28435309866774
2021-11-07 17:00,301.55036535628926
2021-11-07 18:00,307.6511814955045
2021-11-07 19:00,214.4721859308268
2021-11-07 1:00,8.024494324433924
2021-11-07 20:00,188.23059979447393
2021-11-07 21:00,129.26771926977213
2021-11-07 22:00,57.85274268043669
2021-11-07 23:00,44.2662285952608
2021-11-07 2:00,5.018427311009498
2021-11-07 3:00,3.839363656172333
2021-11-07 4:00,3.7538059797586425
2021-11-07 5:00,34.978493137886105
2021-11-07 6:00,110.6444485961793
2021-11-07 7:00,287.095940721866
2021-11-07 8:00,481.05665281684827
2021-11-07 9:00,249.9507507907442
2021-11-08 0:00,18.639012599215942
2021-11-08 10:00,162.47454386856882
2021-11-08 11:00,218.78060693931002
2021-11-08 12:00,223.5671376793699
2021-11-08 13:00,270.1303430750694
2021-11-08 14:00,261.16583780423684
2021-11-08 15:00,256.4173139610624
2021-11-08 16:00,270.66288854921004
2021-11-08 17:00,418.41815620639403
2021-11-08 18:00,415.7275317789269
2021-11-08 19:00,299.9827601671107
2021-11-08 1:00,8.484077237732379
2021-11-08 20:00,209.22619366368028
2021-11-08 21:00,155.6542614789335
2021-11-08 22:00,119.93786479876515
2021-11-08 23:00,79.34986540187434
2021-11-08 2:00,6.25497458203196
2021-11-08 4:00,4.345691795693232
2021-11-08 5:00,35.26465168700745
2021-11-08 6:00,108.49608475478747
2021-11-08 7:00,273.50731110148877
2021-11-08 8:00,538.0966252343385
2021-11-08 9:00,299.183558529315
2021-11-09 0:00,33.563428887321166
2021-11-09 10:00,169.9989462696161
2021-11-09 11:00,196.2728413342603
2021-11-09 12:00,232.15508258951724
2021-11-09 13:00,290.4172703123818
2021-11-09 14:00,289.53240899840364
2021-11-09 15:00,292.93523673403297
2021-11-09 16:00,384.18722380928796
2021-11-09 17:00,424.37148856005194
2021-11-09 18:00,422.45494484210707
2021-11-09 19:00,261.14189605684675
2021-11-09 1:00,16.81124386852915
2021-11-09 20:00,201.39100228154038
2021-11-09 21:00,153.81962907233626
2021-11-09 22:00,132.71978742821315
2021-11-09 23:00,92.12249783910546
2021-11-09 2:00,7.585241646437955
2021-11-09 3:00,4.79820694202721
2021-11-09 4:00,4.613903234653198
2021-11-09 5:00,34.16576034992248
2021-11-09 6:00,106.87701366044492
2021-11-09 7:00,278.90913164793636
2021-11-09 8:00,556.3699430660606
2021-11-09 9:00,291.7916423371193
2021-11-10 0:00,77.30354106023535
2021-11-10 10:00,243.25625102899753
2021-11-10 11:00,276.0374714116153
2021-11-10 12:00,511.3538402617032
2021-11-10 13:00,563.2813643332928
2021-11-10 14:00,553.7539929275737
2021-11-10 15:00,537.5630212934594
2021-11-10 16:00,546.9845696171769
2021-11-10 17:00,399.9239764948344
2021-11-10 18:00,249.81929127442643
2021-11-10 19:00,254.76697204473322
2021-11-10 1:00,71.41143845279397
2021-11-10 20:00,164.60670115418853
2021-11-10 21:00,130.43157458178968
2021-11-10 22:00,122.44735279003355
2021-11-10 23:00,97.14960060352986
2021-11-10 2:00,54.11019538304248
2021-11-10 3:00,27.542133958332297
2021-11-10 4:00,9.47116650486326
2021-11-10 5:00,9.929228572302286
2021-11-10 6:00,18.605514349502826
2021-11-10 7:00,29.10859633911368
2021-11-10 8:00,128.27088033575063
2021-11-10 9:00,195.0206278132571
2021-11-11 0:00,85.04064945630446
2021-11-11 10:00,252.23797214164819
2021-11-11 11:00,394.4500488691141
2021-11-11 12:00,499.724680194397
2021-11-11 13:00,510.4673295555336
2021-11-11 14:00,598.8661017106303
2021-11-11 15:00,512.521395897931
2021-11-11 16:00,530.0375124155321
2021-11-11 17:00,500.86559607986777
2021-11-11 18:00,391.4905634587343
2021-11-11 19:00,276.22177276130526
2021-11-11 1:00,70.31878644105622
2021-11-11 20:00,159.71848046469688
2021-11-11 21:00,146.36175557492794
2021-11-11 22:00,129.36175433005818
2021-11-11 23:00,93.52886300541888
2021-11-11 2:00,46.06352200268083
2021-11-11 3:00,28.465368012028044
2021-11-11 4:00,11.114599268460724
2021-11-11 5:00,9.345772595370587
2021-11-11 6:00,15.705246108119017
2021-11-11 7:00,46.05224351199661
2021-11-11 8:00,100.65799151376628
2021-11-11 9:00,181.63395839849824
2021-11-12 0:00,45.306594581802074
2021-11-12 10:00,317.3726229390787
2021-11-12 11:00,381.55936413943664
2021-11-12 12:00,407.64588461831215
2021-11-12 13:00,416.2192559449214
2021-11-12 14:00,413.67837953155436
2021-11-12 15:00,402.03005217982883
2021-11-12 16:00,441.37142689925014
2021-11-12 17:00,462.2625226035337
2021-11-12 18:00,338.27205614423957
2021-11-12 19:00,329.55473772575874
2021-11-12 1:00,33.399515370047965
2021-11-12 20:00,218.70573795799095
2021-11-12 21:00,168.153288385803
2021-11-12 22:00,138.54821564328722
2021-11-12 23:00,82.58215899745282
2021-11-12 2:00,25.078912047839736
2021-11-12 3:00,10.960785690044581
2021-11-12 4:00,12.428124098777706
2021-11-12 5:00,10.498978677081812
2021-11-12 6:00,29.071216795208404
2021-11-12 7:00,66.05864918796605
2021-11-12 8:00,109.46136110636452
2021-11-12 9:00,191.94504035465368
2021-11-13 0:00,30.302428229432625
2021-11-13 10:00,87.70750209457478
2021-11-13 11:00,130.40620218494144
2021-11-13 12:00,161.91174042219777
2021-11-13 13:00,163.8754812787422
2021-11-13 14:00,191.55929513309246
2021-11-13 15:00,185.9670678568273
2021-11-13 16:00,227.44519603809746
2021-11-13 17:00,373.4998146571527
2021-11-13 18:00,377.67233202918374
2021-11-13 19:00,245.902485328185
2021-11-13 1:00,13.653820042829576
2021-11-13 20:00,180.105470697104
2021-11-13 21:00,109.72006708535106
2021-11-13 22:00,77.17722110469603
2021-11-13 23:00,37.8230377160811
2021-11-13 2:00,5.594195505591804
2021-11-13 3:00,4.878964818718414
2021-11-13 4:00,6.246385396847843
2021-11-13 5:00,34.5557361289126
2021-11-13 6:00,82.324621939041
2021-11-13 7:00,130.8872992707596
2021-11-13 8:00,136.2130470460163
2021-11-13 9:00,102.3303639624574
2021-11-14 0:00,20.122127855806077
2021-11-14 10:00,138.33525148466833
2021-11-14 11:00,139.19311785395902
2021-11-14 12:00,174.7612965545964
2021-11-14 13:00,181.62905679679173
2021-11-14 14:00,174.58289314841588
2021-11-14 15:00,178.53146018567247
2021-11-14 16:00,221.0545123526823
2021-11-14 17:00,315.9022465563029
2021-11-14 18:00,321.2159908177254
2021-11-14 19:00,229.7126780676229
2021-11-14 1:00,7.487288549162871
2021-11-14 20:00,195.68513586679686
2021-11-14 21:00,148.97444864915602
2021-11-14 22:00,116.67606730115513
2021-11-14 23:00,44.7273831405696
2021-11-14 2:00,4.852412188364201
2021-11-14 3:00,4.026516622317245
2021-11-14 4:00,4.091072165420967
2021-11-14 5:00,25.424149670815805
2021-11-14 6:00,110.16624261320226
2021-11-14 7:00,276.2071984506683
2021-11-14 8:00,518.993459057033
2021-11-14 9:00,256.6602042673279
2021-11-15 0:00,24.214048799103875
2021-11-15 10:00,137.36006639497214
2021-11-15 11:00,150.44478344469883
2021-11-15 12:00,181.91739624474127
2021-11-15 13:00,200.47534055756392
2021-11-15 14:00,190.76848170669788
2021-11-15 15:00,175.80555267620363
2021-11-15 16:00,211.08427967644747
2021-11-15 17:00,369.65788535745884
2021-11-15 18:00,370.7477479574711
2021-11-15 19:00,266.6713763296204
2021-11-15 1:00,8.98610618825201
2021-11-15 20:00,189.98274014017312
2021-11-15 21:00,143.89674563833796
2021-11-15 22:00,113.29673456473718
2021-11-15 23:00,71.36816817071235
2021-11-15 2:00,5.5735848830839165
2021-11-15 3:00,4.459032338633768
2021-11-15 4:00,4.738392836348075
2021-11-15 5:00,35.36314441951604
2021-11-15 6:00,109.25457870834141
2021-11-15 7:00,304.42536373355057
2021-11-15 8:00,535.3639327090185
2021-11-15 9:00,276.4046452259865
2021-11-16 0:00,32.48619068449818
2021-11-16 10:00,152.22055898087743
2021-11-16 11:00,201.3314538388518
2021-11-16 12:00,219.59180464108744
2021-11-16 13:00,234.68264846085472
2021-11-16 14:00,247.5205589144971
2021-11-16 15:00,215.09550620587788
2021-11-16 16:00,264.98054837185157
2021-11-16 17:00,382.15716996847453
2021-11-16 18:00,370.55676740315795
2021-11-16 19:00,281.15382634096267
2021-11-16 1:00,14.924479621593463
2021-11-16 20:00,215.12559768277626
2021-11-16 21:00,153.34289683690892
2021-11-16 22:00,117.17381646836253
2021-11-16 23:00,87.01814626400979
2021-11-16 2:00,7.1200280701815295
2021-11-16 3:00,5.2512503934561545
2021-11-16 4:00,5.3795024002970795
2021-11-16 5:00,34.882287120571
2021-11-16 6:00,110.97974177867015
2021-11-16 7:00,292.0877980773908
2021-11-16 8:00,518.9026872727586
2021-11-16 9:00,289.9493135376993
2021-11-17 0:00,65.83551865846061
2021-11-17 10:00,260.154469930721
2021-11-17 11:00,268.76910041130895
2021-11-17 12:00,290.8716281499669
2021-11-17 13:00,297.2929654060503
2021-11-17 14:00,293.984858327591
2021-11-17 15:00,300.1579942320896
2021-11-17 16:00,300.7828263357739
2021-11-17 17:00,288.35819877873274
2021-11-17 18:00,255.71784204067987
2021-11-17 19:00,172.45351251948387
2021-11-17 1:00,56.04098096472678
2021-11-17 20:00,143.92359425396646
2021-11-17 21:00,115.11342100177065
2021-11-17 22:00,112.44530056159165
2021-11-17 23:00,84.73113245488781
2021-11-17 2:00,43.01736662314462
2021-11-17 3:00,25.2170912663202
2021-11-17 4:00,7.600757658959409
2021-11-17 5:00,7.8984899946236835
2021-11-17 6:00,21.15837703160339
2021-11-17 7:00,30.422635368315635
2021-11-17 8:00,77.3102192799115
2021-11-17 9:00,180.81432944210727
2021-11-18 0:00,64.56863402429079
2021-11-18 10:00,240.11808374932608
2021-11-18 11:00,274.5186268982198
2021-11-18 12:00,292.9183258275358
2021-11-18 13:00,285.0835785058054
2021-11-18 14:00,287.9833178750938
2021-11-18 15:00,285.847073658748
2021-11-18 16:00,276.7701725610158
2021-11-18 17:00,260.600384337954
2021-11-18 18:00,233.771117669817
2021-11-18 19:00,178.44522191015633
2021-11-18 1:00,61.28873550238306
2021-11-18 20:00,147.42487859901792
2021-11-18 21:00,123.89902947255
2021-11-18 22:00,111.93832073881089
2021-11-18 23:00,85.49460565930235
2021-11-18 2:00,41.589594970541846
2021-11-18 3:00,23.884883450276337
2021-11-18 4:00,9.330368522622438
2021-11-18 5:00,9.33738570631447
2021-11-18 6:00,24.4272654025815
2021-11-18 7:00,38.1293400369734
2021-11-18 8:00,89.71882745724447
2021-11-18 9:00,152.68401950897874
2021-11-19 0:00,24.74415535788359
2021-11-19 10:00,154.01855543517289
2021-11-19 11:00,176.69727493573572
2021-11-19 12:00,188.01244995244286
2021-11-19 13:00,208.38935860075705
2021-11-19 14:00,199.96209079094325
2021-11-19 15:00,189.36237809814736
2021-11-19 16:00,222.19059993172837
2021-11-19 17:00,424.6575301447019
2021-11-19 18:00,407.24075205709266
2021-11-19 19:00,308.80101942484146
2021-11-19 1:00,11.8686129920326
2021-11-19 20:00,207.07105007893534
2021-11-19 21:00,140.97585400533723
2021-11-19 22:00,125.30234217479966
2021-11-19 23:00,60.70624068229615
2021-11-19 2:00,6.057995695377216
2021-11-19 3:00,6.330797074418703
2021-11-19 4:00,6.422738911237897
2021-11-19 5:00,36.75340514291293
2021-11-19 6:00,129.62060106873923
2021-11-19 7:00,286.85944612345173
2021-11-19 8:00,508.0377450342934
2021-11-19 9:00,274.6035186267574
2021-11-20 0:00,24.248558438115403
2021-11-20 10:00,178.80647645173332
2021-11-20 11:00,184.87806211147637
2021-11-20 12:00,203.9870443212695
2021-11-20 13:00,215.10747879448064
2021-11-20 14:00,204.40737182291394
2021-11-20 15:00,257.36271095673436
2021-11-20 16:00,228.85979872876675
2021-11-20 17:00,408.37492460027005
2021-11-20 18:00,418.44122818676647
2021-11-20 19:00,322.4279872289216
2021-11-20 1:00,12.82783335067785
2021-11-20 20:00,210.83045771151495
2021-11-20 21:00,158.89252594793123
2021-11-20 22:00,122.66001564558556
2021-11-20 23:00,54.7141731149808
2021-11-20 2:00,3.8505791867762396
2021-11-20 3:00,5.998361558227657
2021-11-20 4:00,6.358186881869933
2021-11-20 5:00,35.653895514127115
2021-11-20 6:00,123.1103351361772
2021-11-20 7:00,326.8843173286943
2021-11-20 8:00,562.3070516811563
2021-11-20 9:00,265.15703303901313
2021-11-21 0:00,19.947718644250685
2021-11-21 10:00,163.03240780090178
2021-11-21 11:00,169.30153315232496
2021-11-21 12:00,212.87897405864442
2021-11-21 13:00,235.10266081066678
2021-11-21 14:00,265.3952822496099
2021-11-21 15:00,267.2228084605185
2021-11-21 16:00,274.0115129642335
2021-11-21 17:00,428.3532313760071
2021-11-21 18:00,455.52082450517815
2021-11-21 19:00,329.0398335373822
2021-11-21 1:00,11.94346767506825
2021-11-21 20:00,199.61668776469656
2021-11-21 21:00,149.68915576743476
2021-11-21 22:00,115.55886988710911
2021-11-21 23:00,59.104991733935876
2021-11-21 2:00,4.597782974955215
2021-11-21 3:00,5.18999772044627
2021-11-21 4:00,5.651165528688929
2021-11-21 5:00,33.507085163185906
2021-11-21 6:00,115.35471293540255
2021-11-21 7:00,266.3802396078853
2021-11-21 8:00,525.2506221836578
2021-11-21 9:00,284.97720082805756
2021-11-22 0:00,46.04524696813901
2021-11-22 10:00,247.68099672525994
2021-11-22 11:00,278.97755695514974
2021-11-22 12:00,294.55734311999663
2021-11-22 13:00,433.23143984239863
2021-11-22 14:00,477.96938019448703
2021-11-22 15:00,472.15204184235625
2021-11-22 16:00,416.0730498796116
2021-11-22 17:00,272.60070364617206
2021-11-22 18:00,246.22801908094377
2021-11-22 19:00,189.6366910079999
2021-11-22 1:00,38.642852449837285
2021-11-22 20:00,150.66675069588226
2021-11-22 21:00,128.07773762111256
2021-11-22 22:00,114.76461169110992
2021-11-22 23:00,81.98906028877973
2021-11-22 2:00,16.036349111053788
2021-11-22 3:00,9.62788397368892
2021-11-22 4:00,9.459580137302341
2021-11-22 5:00,9.010867640833068
2021-11-22 6:00,33.973984630007195
2021-11-22 7:00,31.912468071835338
2021-11-22 8:00,82.67726760523848
2021-11-22 9:00,151.28764714135704
2021-11-23 0:00,32.30431667140991
2021-11-23 10:00,146.97587183210663
2021-11-23 11:00,177.5506957420023
2021-11-23 12:00,235.2962659658182
2021-11-23 13:00,292.6359257244266
2021-11-23 14:00,369.80565690379836
2021-11-23 15:00,376.23100280278237
2021-11-23 16:00,440.73622861296434
2021-11-23 17:00,684.990494911756
2021-11-23 18:00,582.6124383100148
2021-11-23 19:00,419.73606826591805
2021-11-23 1:00,12.650194244613056
2021-11-23 20:00,296.4526553300168
2021-11-23 21:00,220.95419531257872
2021-11-23 22:00,151.31683294320615
2021-11-23 23:00,103.93159834085583
2021-11-23 2:00,5.77875830930858
2021-11-23 3:00,4.880305030410383
2021-11-23 4:00,4.455234333233671
2021-11-23 5:00,28.34852463805708
2021-11-23 6:00,105.09752057916045
2021-11-23 7:00,269.165865678207
2021-11-23 8:00,453.2246975461372
2021-11-23 9:00,271.3716209448717
2021-11-24 0:00,77.01566799198942
2021-11-24 10:00,207.2000244192597
2021-11-24 11:00,246.61623812227813
2021-11-24 12:00,263.7131753459475
2021-11-24 13:00,303.95541415761096
2021-11-24 14:00,287.6291933476224
2021-11-24 15:00,252.19209207237154
2021-11-24 16:00,227.7885920327619
2021-11-24 17:00,187.09581531563356
2021-11-24 18:00,166.84347653010437
2021-11-24 19:00,114.19755331000486
2021-11-24 1:00,47.261436418599885
2021-11-24 20:00,93.156308759498
2021-11-24 21:00,85.6615300611867
2021-11-24 22:00,78.3633285461791
2021-11-24 23:00,58.15496136682739
2021-11-24 2:00,36.040610642015004
2021-11-24 3:00,20.441758984633477
2021-11-24 4:00,6.43350979835757
2021-11-24 5:00,6.115214053261409
2021-11-24 6:00,20.105653412088287
2021-11-24 7:00,34.567165513102765
2021-11-24 8:00,84.26748711127304
2021-11-24 9:00,112.88737061638658
2021-11-25 0:00,57.61167546479138
2021-11-25 10:00,187.02087313786356
2021-11-25 11:00,212.27229402158832
2021-11-25 12:00,239.0260666891519
2021-11-25 13:00,237.65262394921388
2021-11-25 14:00,260.24359054144116
2021-11-25 15:00,257.4988526763618
2021-11-25 16:00,253.0495161089649
2021-11-25 17:00,192.1555884684898
2021-11-25 18:00,153.1682927515316
2021-11-25 19:00,113.77156910558871
2021-11-25 1:00,54.104768805753096
2021-11-25 20:00,87.1307887861434
2021-11-25 21:00,96.01971803143387
2021-11-25 22:00,99.53807744715742
2021-11-25 23:00,54.20581678773675
2021-11-25 2:00,36.822477113869525
2021-11-25 3:00,29.000074260962208
2021-11-25 4:00,8.261985181236108
2021-11-25 5:00,6.293600812411125
2021-11-25 6:00,17.101986390316437
2021-11-25 7:00,29.49128248406999
2021-11-25 8:00,73.74851141963501
2021-11-25 9:00,107.10389423878065
2021-11-26 0:00,19.14003570458863
2021-11-26 10:00,140.07678090491382
2021-11-26 11:00,208.92635728792146
2021-11-26 12:00,222.3843212207184
2021-11-26 13:00,227.27567316720533
2021-11-26 14:00,224.72831000935415
2021-11-26 15:00,221.76541194144954
2021-11-26 16:00,282.551764726677
2021-11-26 17:00,445.2236638301287
2021-11-26 18:00,376.7125732783731
2021-11-26 19:00,276.4399756422597
2021-11-26 1:00,9.399852347164297
2021-11-26 20:00,203.5030694092707
2021-11-26 21:00,145.5903477202587
2021-11-26 22:00,122.11554602718387
2021-11-26 23:00,57.31345804637887
2021-11-26 2:00,4.521820692970153
2021-11-26 3:00,3.9309999607692028
2021-11-26 4:00,3.996598684740853
2021-11-26 5:00,25.530604602003915
2021-11-26 6:00,106.13641878655446
2021-11-26 7:00,271.6229316125185
2021-11-26 8:00,497.0854557098946
2021-11-26 9:00,271.78761922622095
2021-11-27 0:00,23.307222911111218
2021-11-27 10:00,69.97251980450591
2021-11-27 11:00,82.99325806736857
2021-11-27 12:00,83.7552732709752
2021-11-27 13:00,79.34550415340934
2021-11-27 14:00,82.18320766119182
2021-11-27 15:00,131.38316233860482
2021-11-27 16:00,167.27206430844132
2021-11-27 17:00,248.6233374833426
2021-11-27 18:00,229.30806293471946
2021-11-27 19:00,211.41111628574853
2021-11-27 1:00,12.140763773542254
2021-11-27 20:00,172.93656147554518
2021-11-27 21:00,87.67871598906513
2021-11-27 22:00,76.97655296661334
2021-11-27 23:00,40.365771557591664
2021-11-27 2:00,5.373168498249494
2021-11-27 3:00,4.554130821254183
2021-11-27 4:00,5.361875023467588
2021-11-27 5:00,33.4649251970461
2021-11-27 6:00,116.18941566064639
2021-11-27 7:00,144.4805641792767
2021-11-27 8:00,141.39905408025675
2021-11-27 9:00,277.32453124522505
2021-11-28 0:00,19.184132632567362
2021-11-28 10:00,136.07337041811104
2021-11-28 11:00,144.52460216037503
2021-11-28 12:00,172.68153580287319
2021-11-28 13:00,172.87724296056143
2021-11-28 14:00,180.7252543375943
2021-11-28 15:00,203.75273477028463
2021-11-28 16:00,234.29815188883373
2021-11-28 17:00,377.6129173500763
2021-11-28 18:00,316.0669518633223
2021-11-28 19:00,256.7470649597199
2021-11-28 1:00,7.300873377829618
2021-11-28 20:00,195.39497286169515
2021-11-28 21:00,134.11090765058114
2021-11-28 22:00,95.98405594646881
2021-11-28 23:00,45.95022425921637
2021-11-28 2:00,4.838070219961921
2021-11-28 3:00,4.813305027788495
2021-11-28 4:00,4.761053526467954
2021-11-28 5:00,32.8051560025011
2021-11-28 6:00,112.11472635841795
2021-11-28 7:00,289.583538956532
2021-11-28 8:00,481.7164695054367
2021-11-28 9:00,260.82185637930337
2021-11-29 0:00,21.356688672952647
2021-11-29 10:00,128.5587148270854
2021-11-29 11:00,205.73281987219502
2021-11-29 12:00,202.90340146872043
2021-11-29 13:00,223.53633773262385
2021-11-29 14:00,197.4184538137794
2021-11-29 15:00,195.74627436128986
2021-11-29 16:00,230.21560424861232
2021-11-29 17:00,393.84436423257915
2021-11-29 18:00,326.61207783100565
2021-11-29 19:00,219.1379831988347
2021-11-29 1:00,8.713333517356478
2021-11-29 20:00,187.49178405629695
2021-11-29 21:00,114.57610017240641
2021-11-29 22:00,105.42795018890007
2021-11-29 23:00,81.25683387929651
2021-11-29 2:00,4.114145654633136
2021-11-29 4:00,3.598979084371721
2021-11-29 5:00,28.306215302411168
2021-11-29 6:00,105.51250723842242
2021-11-29 7:00,273.2650876194294
2021-11-29 8:00,482.92258714600365
2021-11-29 9:00,256.1781801068886
2021-11-30 0:00,27.12551319412544
2021-11-30 10:00,129.16083188696564
2021-11-30 11:00,154.94129972710246
2021-11-30 12:00,211.24955724786432
2021-11-30 13:00,213.54804639349956
2021-11-30 14:00,205.77292034083135
2021-11-30 15:00,206.79521841660187
2021-11-30 16:00,227.96168266265778
2021-11-30 17:00,377.6571869111382
2021-11-30 18:00,375.2462256454645
2021-11-30 19:00,266.9534161768378
2021-11-30 1:00,9.92082254688384
2021-11-30 20:00,187.81889298021093
2021-11-30 21:00,145.16204821806133
2021-11-30 22:00,118.59147794962446
2021-11-30 23:00,83.47752392124848
2021-11-30 2:00,5.667986792003486
2021-11-30 3:00,4.544712407231851
2021-11-30 4:00,3.67866373287038
2021-11-30 5:00,27.247433671619618
2021-11-30 6:00,99.37739195703321
2021-11-30 7:00,268.06046130827525
2021-11-30 8:00,455.46638410917194
2021-11-30 9:00,241.07926424802673
2021-12-01 0:00,81.7557540290937
2021-12-01 10:00,166.5136937247675
2021-12-01 11:00,226.73624344248014
2021-12-01 12:00,216.65724049020932
2021-12-01 13:00,245.98624773897254
2021-12-01 14:00,267.285707905254
2021-12-01 15:00,282.7656866055471
2021-12-01 16:00,273.47240523292794
2021-12-01 17:00,232.1234156985841
2021-12-01 18:00,225.33007913758075
2021-12-01 19:00,139.7829592224844
2021-12-01 1:00,79.88106702774515
2021-12-01 20:00,124.32750516821831
2021-12-01 21:00,97.09877224922869
2021-12-01 22:00,93.83730333917109
2021-12-01 23:00,85.96697757079885
2021-12-01 2:00,47.764890382660965
2021-12-01 3:00,26.73192259897836
2021-12-01 4:00,9.8215425120131
2021-12-01 5:00,9.205582179331495
2021-12-01 6:00,19.02591409246838
2021-12-01 7:00,30.233149931415024
2021-12-01 8:00,80.47397377178073
2021-12-01 9:00,88.09248862635106
2021-12-02 0:00,64.40188221774883
2021-12-02 10:00,140.1262224063302
2021-12-02 11:00,201.89597674746244
2021-12-02 12:00,219.85892376246395
2021-12-02 13:00,288.4977472890305
2021-12-02 14:00,296.43675398724616
2021-12-02 15:00,287.7570934740895
2021-12-02 16:00,287.29798410570163
2021-12-02 17:00,106.74463731840275
2021-12-02 18:00,246.5907895560801
2021-12-02 19:00,192.96889215316648
2021-12-02 1:00,59.76155241933671
2021-12-02 20:00,154.7270372085155
2021-12-02 21:00,138.56548917678344
2021-12-02 22:00,125.43505674666069
2021-12-02 23:00,94.09417871890466
2021-12-02 2:00,48.53737937534486
2021-12-02 3:00,26.271541808981173
2021-12-02 4:00,8.523023608993578
2021-12-02 5:00,8.070307374438265
2021-12-02 6:00,13.784504131922686
2021-12-02 7:00,23.401734779058135
2021-12-02 8:00,68.90663778979652
2021-12-02 9:00,88.12411195812686
2021-12-03 0:00,28.672712300843273
2021-12-03 10:00,186.44874744025907
2021-12-03 11:00,198.9016053002699
2021-12-03 12:00,279.03016702278137
2021-12-03 13:00,281.37070402726454
2021-12-03 14:00,286.87029031463044
2021-12-03 15:00,288.5886598981949
2021-12-03 16:00,467.5762417254244
2021-12-03 17:00,716.8550212624328
2021-12-03 18:00,704.8944114743014
2021-12-03 19:00,474.0817692860901
2021-12-03 1:00,13.379977774465834
2021-12-03 20:00,280.6021031843948
2021-12-03 21:00,191.1075457178198
2021-12-03 22:00,154.40565853590783
2021-12-03 23:00,70.53482166441921
2021-12-03 2:00,9.958762393231854
2021-12-03 3:00,6.86445187172285
2021-12-03 4:00,6.335685949906355
2021-12-03 5:00,34.021886142884306
2021-12-03 6:00,126.30123567103695
2021-12-03 7:00,190.28831977922022
2021-12-03 8:00,330.69387578477745
2021-12-03 9:00,242.89021227145372
2021-12-04 0:00,31.593303004776995
2021-12-04 10:00,172.6108045151991
2021-12-04 11:00,200.25295928375243
2021-12-04 12:00,279.40322672484086
2021-12-04 13:00,280.538551017183
2021-12-04 14:00,281.3105065920851
2021-12-04 15:00,291.75398800751003
2021-12-04 16:00,434.20597462243654
2021-12-04 17:00,718.9260869073105
2021-12-04 18:00,705.2834920835076
2021-12-04 19:00,464.10755655432087
2021-12-04 1:00,12.857401463895286
2021-12-04 20:00,297.61582954039255
2021-12-04 21:00,233.21934803287374
2021-12-04 22:00,148.5125502531875
2021-12-04 23:00,85.2882083339003
2021-12-04 2:00,6.8117161109187405
2021-12-04 3:00,6.275104651564202
2021-12-04 4:00,6.437422295109477
2021-12-04 5:00,41.043443957717955
2021-12-04 6:00,129.5003045753535
2021-12-04 7:00,308.599598022969
2021-12-04 8:00,454.88060718479977
2021-12-04 9:00,311.41637640785336
2021-12-05 0:00,41.82200393577572
2021-12-05 10:00,180.90764724935437
2021-12-05 11:00,186.78268802665778
2021-12-05 12:00,213.74135498335454
2021-12-05 13:00,265.42573085485174
2021-12-05 14:00,276.776801433958
2021-12-05 15:00,281.95557310597144
2021-12-05 16:00,374.8983522295268
2021-12-05 17:00,473.418169785372
2021-12-05 18:00,471.1013202512931
2021-12-05 19:00,333.92879818089995
2021-12-05 1:00,16.256090671119374
2021-12-05 20:00,205.73587457903128
2021-12-05 21:00,147.15450120733524
2021-12-05 22:00,99.71388648421753
2021-12-05 23:00,43.85153577890492
2021-12-05 2:00,10.613073719959656
2021-12-05 3:00,7.73435299085064
2021-12-05 4:00,7.98362152176647
2021-12-05 5:00,48.90336830383149
2021-12-05 6:00,51.4879957662652
2021-12-05 7:00,203.3868781335799
2021-12-05 8:00,469.2693974787166
2021-12-05 9:00,270.352861512481
2021-12-06 0:00,22.458179051167726
2021-12-06 10:00,107.20560807875238
2021-12-06 11:00,130.6053831174028
2021-12-06 12:00,170.37447391637463
2021-12-06 13:00,172.58972222041731
2021-12-06 14:00,169.79907916757307
2021-12-06 15:00,173.94899846515656
2021-12-06 16:00,222.2689158820759
2021-12-06 17:00,308.7667408013928
2021-12-06 18:00,282.7850704011783
2021-12-06 19:00,218.89491407854726
2021-12-06 1:00,9.074286465932436
2021-12-06 20:00,140.75185463365835
2021-12-06 21:00,97.75206693025017
2021-12-06 22:00,86.42316990703978
2021-12-06 23:00,57.062325117674455
2021-12-06 2:00,5.663109148473381
2021-12-06 3:00,3.853900227227155
2021-12-06 4:00,3.083938045129218
2021-12-06 5:00,24.86245874863143
2021-12-06 6:00,99.07054003583858
2021-12-06 7:00,266.2327606579072
2021-12-06 8:00,473.0297303588838
2021-12-06 9:00,260.4934200796584
2021-12-07 0:00,25.91302129423601
2021-12-07 10:00,134.6921496497721
2021-12-07 11:00,138.50886942574294
2021-12-07 12:00,161.6938689542744
2021-12-07 13:00,169.7215941812215
2021-12-07 14:00,161.7824625838128
2021-12-07 15:00,159.50667880491073
2021-12-07 16:00,206.57314101186864
2021-12-07 17:00,391.4267084536239
2021-12-07 18:00,385.76971202396334
2021-12-07 19:00,294.4296549286328
2021-12-07 1:00,10.132582945707881
2021-12-07 20:00,154.05546199366907
2021-12-07 21:00,126.27079799006235
2021-12-07 22:00,104.71129200393356
2021-12-07 23:00,72.55850277111206
2021-12-07 2:00,6.257490585401025
2021-12-07 3:00,4.789677737072585
2021-12-07 4:00,4.729662579499798
2021-12-07 5:00,31.173752164368533
2021-12-07 6:00,106.81225083773913
2021-12-07 7:00,148.35906229482424
2021-12-07 8:00,528.2506827584564
2021-12-07 9:00,275.5448208839058
2021-12-08 0:00,59.93497033549611
2021-12-08 10:00,194.89435740546176
2021-12-08 11:00,217.54017134612045
2021-12-08 12:00,229.51762003435954
2021-12-08 13:00,227.9627950053685
2021-12-08 14:00,222.53404454287423
2021-12-08 15:00,259.1340228594851
2021-12-08 16:00,265.87508375869953
2021-12-08 17:00,241.94001393358303
2021-12-08 18:00,230.29264034235936
2021-12-08 19:00,190.06427095477738
2021-12-08 1:00,55.05933371308386
2021-12-08 20:00,137.41454773880102
2021-12-08 21:00,89.4064950144756
2021-12-08 22:00,87.20183858342857
2021-12-08 23:00,86.35131248767705
2021-12-08 2:00,46.05300282098083
2021-12-08 3:00,24.154625528728772
2021-12-08 4:00,8.691025330866706
2021-12-08 5:00,8.854923172705183
2021-12-08 6:00,28.650548196629668
2021-12-08 7:00,57.753664495281264
2021-12-08 8:00,124.3575951185012
2021-12-08 9:00,146.55527627607466
2021-12-09 0:00,63.83233954446444
2021-12-09 10:00,190.33238224893267
2021-12-09 11:00,209.05065334400882
2021-12-09 12:00,248.35426565503604
2021-12-09 13:00,217.14922277010345
2021-12-09 14:00,221.54398921648846
2021-12-09 15:00,82.56872042281225
2021-12-09 16:00,83.90636979428311
2021-12-09 17:00,98.65040627882298
2021-12-09 18:00,99.72376788837141
2021-12-09 19:00,98.08509911413896
2021-12-09 1:00,59.92445583303278
2021-12-09 20:00,83.2784808912801
2021-12-09 21:00,89.91550121150429
2021-12-09 22:00,61.60930593765086
2021-12-09 23:00,54.24649454541206
2021-12-09 2:00,49.867492002306335
2021-12-09 3:00,24.66762364506497
2021-12-09 4:00,9.667016197862916
2021-12-09 5:00,11.226840041367485
2021-12-09 6:00,17.501625907953663
2021-12-09 7:00,59.61053788960138
2021-12-09 8:00,74.34593560203845
2021-12-09 9:00,164.41718122885192
2021-12-10 0:00,11.659975780671234
2021-12-10 10:00,171.64898196151788
2021-12-10 11:00,113.11348553473987
2021-12-10 12:00,93.13831788357288
2021-12-10 13:00,92.5414922400515
2021-12-10 14:00,180.35124860960642
2021-12-10 15:00,197.9594392624492
2021-12-10 16:00,278.5593218181258
2021-12-10 17:00,389.136524518969
2021-12-10 18:00,343.90195004012133
2021-12-10 19:00,448.410679377516
2021-12-10 1:00,9.01398015516836
2021-12-10 20:00,256.43972131944525
2021-12-10 21:00,198.14803211374664
2021-12-10 22:00,129.77526219704464
2021-12-10 23:00,78.94950286377497
2021-12-10 2:00,6.183843588728825
2021-12-10 3:00,6.010110480489721
2021-12-10 4:00,5.8991991442705345
2021-12-10 5:00,35.13444717468443
2021-12-10 6:00,126.62143394767641
2021-12-10 7:00,200.45818554549348
2021-12-10 8:00,342.70772748860463
2021-12-10 9:00,228.25706598884597
2021-12-11 0:00,26.467288439269907
2021-12-11 10:00,159.94324423199754
2021-12-11 11:00,165.5814597446927
2021-12-11 12:00,171.09179952596034
2021-12-11 13:00,184.89737914770876
2021-12-11 14:00,177.2978837954924
2021-12-11 15:00,167.7637745861647
2021-12-11 16:00,213.2838882614656
2021-12-11 17:00,314.31790116852494
2021-12-11 18:00,320.98369722256746
2021-12-11 19:00,254.7452562426514
2021-12-11 1:00,13.042329852537533
2021-12-11 20:00,188.94054503069623
2021-12-11 21:00,151.77870127436256
2021-12-11 22:00,97.66712631167718
2021-12-11 23:00,49.32911981156867
2021-12-11 2:00,7.153769461906621
2021-12-11 3:00,4.702858452598185
2021-12-11 4:00,5.878846037866198
2021-12-11 5:00,31.273700606687154
2021-12-11 6:00,119.57801920376205
2021-12-11 7:00,301.5287707991241
2021-12-11 8:00,529.2957891658051
2021-12-11 9:00,286.915852372031
2021-12-12 0:00,23.942975649085238
2021-12-12 10:00,128.44348614609885
2021-12-12 11:00,138.8444891622033
2021-12-12 12:00,182.42875934669001
2021-12-12 13:00,180.31696788456588
2021-12-12 14:00,175.86163108373196
2021-12-12 15:00,171.08439451880926
2021-12-12 16:00,218.65088586599572
2021-12-12 17:00,309.3723379252608
2021-12-12 18:00,317.4388731463777
2021-12-12 19:00,218.4222774429789
2021-12-12 1:00,8.139566289194054
2021-12-12 20:00,179.29435486340307
2021-12-12 21:00,114.61196098240995
2021-12-12 22:00,95.2668899115275
2021-12-12 23:00,46.537348595576745
2021-12-12 2:00,5.279500579567614
2021-12-12 3:00,4.719227254757295
2021-12-12 4:00,4.784936610531211
2021-12-12 5:00,31.759937222145673
2021-12-12 6:00,110.9106714158218
2021-12-12 7:00,291.2843041083393
2021-12-12 8:00,481.5524304602703
2021-12-12 9:00,269.681743033434
2021-12-13 0:00,22.199606666581783
2021-12-13 10:00,148.9819949483306
2021-12-13 11:00,174.11745632489348
2021-12-13 12:00,207.8661292977649
2021-12-13 13:00,213.56072264124725
2021-12-13 14:00,209.0008622173599
2021-12-13 15:00,208.27518670360303
2021-12-13 16:00,234.7653531888503
2021-12-13 17:00,337.2405324006112
2021-12-13 18:00,338.66285330768665
2021-12-13 19:00,233.9577245712968
2021-12-13 1:00,9.001771845061262
2021-12-13 20:00,194.7146623432994
2021-12-13 21:00,146.50892296740764
2021-12-13 22:00,107.75460478151736
2021-12-13 23:00,79.39592025487286
2021-12-13 2:00,5.90996961490721
2021-12-13 3:00,3.220719886431066
2021-12-13 4:00,4.497067949988818
2021-12-13 5:00,31.70110024213606
2021-12-13 6:00,101.37936561654814
2021-12-13 7:00,266.00508834035986
2021-12-13 8:00,485.8825812672663
2021-12-13 9:00,257.7724313262651
2021-12-14 0:00,21.379488702472525
2021-12-14 10:00,118.06365978526877
2021-12-14 11:00,139.0383610504001
2021-12-14 12:00,173.4760149075959
2021-12-14 13:00,174.28741559667137
2021-12-14 14:00,205.6772917573335
2021-12-14 15:00,189.43560609724327
2021-12-14 16:00,216.09928249984782
2021-12-14 17:00,363.196799802335
2021-12-14 18:00,378.9485210078916
2021-12-14 19:00,267.7233082355714
2021-12-14 1:00,9.665273454507034
2021-12-14 20:00,189.20007897394487
2021-12-14 21:00,138.28900776507766
2021-12-14 22:00,108.14489836111842
2021-12-14 23:00,88.31322140798018
2021-12-14 2:00,5.129831079328212
2021-12-14 3:00,3.6370719812296324
2021-12-14 4:00,3.6683987628709427
2021-12-14 5:00,26.674852392722862
2021-12-14 6:00,98.31781068801469
2021-12-14 7:00,271.48720855114055
2021-12-14 8:00,464.8552173716207
2021-12-14 9:00,256.0322579506386
2021-12-15 0:00,76.01163044365198
2021-12-15 10:00,244.53219707993557
2021-12-15 11:00,273.5163064493228
2021-12-15 12:00,269.6903669854201
2021-12-15 13:00,279.0128974380958
2021-12-15 14:00,277.1277784071383
2021-12-15 15:00,279.9126558857409
2021-12-15 16:00,280.5498362028584
2021-12-15 17:00,266.6723338114465
2021-12-15 18:00,250.657182801051
2021-12-15 19:00,180.30023646537495
2021-12-15 1:00,68.04710979065413
2021-12-15 20:00,147.66607688458274
2021-12-15 21:00,125.16520460802896
2021-12-15 22:00,117.67978863894365
2021-12-15 23:00,90.58849891734666
2021-12-15 2:00,46.45075530998896
2021-12-15 3:00,27.540749835080938
2021-12-15 4:00,9.410268698150093
2021-12-15 5:00,9.473113046652356
2021-12-15 6:00,21.31397880053719
2021-12-15 7:00,31.732174698945098
2021-12-15 8:00,78.69572925526116
2021-12-15 9:00,96.93711051432659
2021-12-16 0:00,66.3694977841047
2021-12-16 10:00,151.87337012643962
2021-12-16 11:00,161.88241884536086
2021-12-16 12:00,251.17945220842404
2021-12-16 13:00,266.7717289643967
2021-12-16 14:00,256.43130548667534
2021-12-16 15:00,244.48867736544898
2021-12-16 16:00,253.12073402488642
2021-12-16 17:00,262.96302438478705
2021-12-16 18:00,111.75120242857551
2021-12-16 19:00,122.1836215932399
2021-12-16 1:00,55.48638900931375
2021-12-16 20:00,150.32825357452168
2021-12-16 21:00,101.06011751979382
2021-12-16 22:00,112.29456741333816
2021-12-16 23:00,71.80320575674054
2021-12-16 2:00,53.47972061302791
2021-12-16 3:00,23.486383416880333
2021-12-16 4:00,12.027487921046339
2021-12-16 5:00,12.96784628939871
2021-12-16 6:00,18.37142709445923
2021-12-16 7:00,47.8415071610419
2021-12-16 8:00,103.81292528724762
2021-12-16 9:00,152.3244791713965
2021-12-17 0:00,20.748478580715126
2021-12-17 10:00,162.25555402881952
2021-12-17 11:00,171.95873237487066
2021-12-17 12:00,186.16555774032764
2021-12-17 13:00,185.56129260609453
2021-12-17 14:00,176.2015485036513
2021-12-17 15:00,189.4923850587068
2021-12-17 16:00,104.14462652491468
2021-12-17 17:00,291.219485291126
2021-12-17 18:00,303.9195958683773
2021-12-17 19:00,300.82498736372753
2021-12-17 1:00,11.036691644304902
2021-12-17 20:00,222.84280155529717
2021-12-17 21:00,162.91938440555552
2021-12-17 22:00,128.94358291536315
2021-12-17 23:00,52.35517001096733
2021-12-17 2:00,5.918695662114971
2021-12-17 3:00,6.139603964233597
2021-12-17 4:00,4.623700658820151
2021-12-17 5:00,35.552220732041
2021-12-17 6:00,124.82425371684003
2021-12-17 7:00,181.77645932486126
2021-12-17 8:00,368.5601698298539
2021-12-17 9:00,237.39921987831318
2021-12-18 0:00,27.23241858225925
2021-12-18 10:00,196.71195252245965
2021-12-18 11:00,223.7797432609386
2021-12-18 12:00,151.39791371192922
2021-12-18 13:00,282.19343788236336
2021-12-18 14:00,261.7804848344383
2021-12-18 15:00,261.50002357499824
2021-12-18 16:00,250.4158307931483
2021-12-18 17:00,430.4722949163462
2021-12-18 18:00,418.9418418634927
2021-12-18 19:00,324.19490526078346
2021-12-18 1:00,12.125346829723709
2021-12-18 20:00,215.37936932674344
2021-12-18 21:00,149.46632622440956
2021-12-18 22:00,115.25686941904965
2021-12-18 23:00,55.71833871946326
2021-12-18 2:00,5.8157308280898565
2021-12-18 3:00,6.21762398332376
2021-12-18 4:00,7.141031447692414
2021-12-18 5:00,36.67015686481806
2021-12-18 6:00,129.82245472747059
2021-12-18 7:00,196.748425516758
2021-12-18 8:00,351.9555729210915
2021-12-18 9:00,254.4130522771129
2021-12-19 0:00,23.700181316930856
2021-12-19 10:00,130.8119149217806
2021-12-19 11:00,169.18358575426444
2021-12-19 12:00,183.53749013331216
2021-12-19 13:00,195.21782949855444
2021-12-19 14:00,186.49231992549008
2021-12-19 15:00,175.2673628647338
2021-12-19 16:00,224.92466067406772
2021-12-19 17:00,431.02164039982597
2021-12-19 18:00,419.879872913243
2021-12-19 19:00,325.36515292942346
2021-12-19 1:00,10.424331283161049
2021-12-19 20:00,207.71874158516914
2021-12-19 21:00,155.74836886443205
2021-12-19 22:00,126.1431495311577
2021-12-19 23:00,60.241663438435076
2021-12-19 2:00,3.9892238721536217
2021-12-19 3:00,4.6641414894813655
2021-12-19 4:00,4.27666775719767
2021-12-19 5:00,32.752943304942
2021-12-19 6:00,107.25715490402756
2021-12-19 7:00,292.18797823686987
2021-12-19 8:00,459.48662772574755
2021-12-19 9:00,272.97519857561775
2021-12-20 0:00,24.733803815438982
2021-12-20 10:00,137.30174692622154
2021-12-20 11:00,149.46629705913404
2021-12-20 12:00,173.61008729335964
2021-12-20 13:00,168.94782047445756
2021-12-20 14:00,167.93701226554805
2021-12-20 15:00,156.38607131601688
2021-12-20 16:00,208.89969450313032
2021-12-20 17:00,349.2046088312261
2021-12-20 18:00,341.8403103192353
2021-12-20 19:00,142.49583540275904
2021-12-20 1:00,12.962368352690328
2021-12-20 20:00,121.91985386097679
2021-12-20 21:00,75.99452189280167
2021-12-20 22:00,55.471405929987064
2021-12-20 23:00,45.39176538967841
2021-12-20 2:00,5.653913399903195
2021-12-20 3:00,4.32368269459469
2021-12-20 4:00,4.77676298309418
2021-12-20 5:00,34.585722533175954
2021-12-20 6:00,117.52336138088863
2021-12-20 7:00,306.2045582108133
2021-12-20 8:00,528.6733077734203
2021-12-20 9:00,269.1264527831207
2021-12-21 0:00,23.972291838942876
2021-12-21 10:00,148.08607453951467
2021-12-21 11:00,153.93464429300707
2021-12-21 12:00,162.0519424916414
2021-12-21 13:00,159.11804018009485
2021-12-21 14:00,155.53099444931289
2021-12-21 15:00,152.1207648953381
2021-12-21 16:00,205.07173026819896
2021-12-21 17:00,348.0859528025099
2021-12-21 18:00,320.4019477257021
2021-12-21 19:00,229.23781335406966
2021-12-21 1:00,18.723202925026968
2021-12-21 20:00,174.80054422971313
2021-12-21 21:00,114.41071444785183
2021-12-21 22:00,88.82614643091027
2021-12-21 23:00,55.91146495198424
2021-12-21 2:00,6.441185619012988
2021-12-21 3:00,3.9997581354917786
2021-12-21 4:00,4.027905882786901
2021-12-21 5:00,28.409086210694294
2021-12-21 6:00,100.12454561071215
2021-12-21 7:00,284.4200352340202
2021-12-21 8:00,511.3800626730216
2021-12-21 9:00,261.71753836989546
2021-12-22 0:00,52.20400847542918
2021-12-22 10:00,208.14411496356774
2021-12-22 11:00,247.48708045912957
2021-12-22 12:00,266.08050990565727
2021-12-22 13:00,284.9361472347678
2021-12-22 14:00,281.9290752018687
2021-12-22 15:00,267.9664140692421
2021-12-22 16:00,244.6574529818722
2021-12-22 17:00,211.68072641612247
2021-12-22 18:00,164.73929563512013
2021-12-22 19:00,102.05504229403029
2021-12-22 1:00,45.82031867022504
2021-12-22 20:00,90.58243746932686
2021-12-22 21:00,79.96374066374602
2021-12-22 22:00,74.36696243436079
2021-12-22 23:00,57.29546686045133
2021-12-22 2:00,34.585754500551744
2021-12-22 3:00,21.145995303302595
2021-12-22 4:00,7.497957336448932
2021-12-22 5:00,5.836794185874129
2021-12-22 6:00,9.499604669161327
2021-12-22 7:00,32.666532514398696
2021-12-22 8:00,84.94317634396937
2021-12-22 9:00,116.3959535785009
2021-12-23 0:00,55.671702482027484
2021-12-23 10:00,172.39706984706805
2021-12-23 11:00,196.61924591880208
2021-12-23 12:00,267.8650564724248
2021-12-23 13:00,278.43399753065563
2021-12-23 14:00,310.0044939311164
2021-12-23 15:00,298.4412307739727
2021-12-23 16:00,270.46876336496894
2021-12-23 17:00,248.45856375923154
2021-12-23 18:00,201.02910071639994
2021-12-23 19:00,133.1330005156191
2021-12-23 1:00,54.35079103131751
2021-12-23 20:00,97.23339991716124
2021-12-23 21:00,96.35665420551494
2021-12-23 22:00,85.58826409957975
2021-12-23 23:00,54.586331210708224
2021-12-23 2:00,38.12482822268058
2021-12-23 3:00,33.0661320399719
2021-12-23 4:00,11.078741406096198
2021-12-23 5:00,7.20822241319396
2021-12-23 6:00,8.324339594120486
2021-12-23 7:00,26.97308020190438
2021-12-23 8:00,80.04052810354204
2021-12-23 9:00,110.94211979140697
2021-12-24 0:00,16.331762761412687
2021-12-24 10:00,115.7774005483726
2021-12-24 11:00,110.66611971301278
2021-12-24 12:00,137.0545647211653
2021-12-24 13:00,67.06780995149066
2021-12-24 14:00,65.78339091909244
2021-12-24 15:00,69.56626394972483
2021-12-24 16:00,81.65238564344664
2021-12-24 17:00,174.73467577575553
2021-12-24 18:00,179.4392931329992
2021-12-24 19:00,191.52716857524874
2021-12-24 1:00,7.766765459723824
2021-12-24 20:00,132.12741779450988
2021-12-24 21:00,73.33011808083218
2021-12-24 22:00,88.95868333873065
2021-12-24 23:00,35.31302401687625
2021-12-24 2:00,4.254975652215996
2021-12-24 3:00,3.32279374711204
2021-12-24 5:00,20.039739096485746
2021-12-24 6:00,92.10277000866006
2021-12-24 7:00,267.44515539003766
2021-12-24 8:00,459.64954227249376
2021-12-24 9:00,244.9461198675818
2021-12-25 0:00,25.793108347742923
2021-12-25 10:00,140.99260895279812
2021-12-25 11:00,201.53955013177188
2021-12-25 12:00,203.5149644645687
2021-12-25 13:00,278.42902941747496
2021-12-25 14:00,279.0867365658635
2021-12-25 15:00,252.0058490149896
2021-12-25 16:00,248.10721442019573
2021-12-25 17:00,224.0157276567412
2021-12-25 18:00,201.85464387152408
2021-12-25 19:00,127.70372052609295
2021-12-25 1:00,22.823950099520737
2021-12-25 20:00,114.17423362567465
2021-12-25 21:00,76.37086427939457
2021-12-25 22:00,84.52630070300788
2021-12-25 23:00,40.22533718045105
2021-12-25 2:00,12.636178048485895
2021-12-25 4:00,11.07732474985423
2021-12-25 5:00,5.749863717693302
2021-12-25 6:00,10.552986297233357
2021-12-25 7:00,20.13984463352154
2021-12-25 8:00,54.79556787276255
2021-12-25 9:00,90.13015931029709
2021-12-26 0:00,16.71145757240656
2021-12-26 10:00,60.89599305363655
2021-12-26 11:00,62.281234603826846
2021-12-26 12:00,61.317624381542295
2021-12-26 13:00,61.15270042966905
2021-12-26 14:00,57.31621451502459
2021-12-26 15:00,72.6990272207436
2021-12-26 16:00,86.56347251474094
2021-12-26 17:00,172.59871118490219
2021-12-26 18:00,155.0597866279603
2021-12-26 19:00,138.31711160172168
2021-12-26 1:00,6.201911383539746
2021-12-26 20:00,103.97040561733452
2021-12-26 21:00,99.59729017757157
2021-12-26 22:00,40.9998930817413
2021-12-26 23:00,31.028736986396986
2021-12-26 2:00,4.4262917500716545
2021-12-26 3:00,3.4024884720865844
2021-12-26 4:00,3.144300181475222
2021-12-26 5:00,19.108327877702013
2021-12-26 6:00,102.1714752344718
2021-12-26 7:00,185.15178343885344
2021-12-26 8:00,237.61425257022663
2021-12-26 9:00,177.15123476406788
2021-12-27 0:00,15.997516135772072
2021-12-27 10:00,130.06513168127987
2021-12-27 11:00,125.55102769938715
2021-12-27 12:00,151.6513639374945
2021-12-27 13:00,150.34439612860731
2021-12-27 14:00,123.64716511850838
2021-12-27 15:00,123.55184022219031
2021-12-27 16:00,171.2131968849194
2021-12-27 17:00,313.07308002973105
2021-12-27 18:00,290.1666747937939
2021-12-27 19:00,227.93132179242048
2021-12-27 1:00,5.898773375455389
2021-12-27 20:00,146.95350342749956
2021-12-27 21:00,102.54635610709367
2021-12-27 22:00,82.6802776353355
2021-12-27 23:00,48.45628107758747
2021-12-27 2:00,3.867951486191823
2021-12-27 3:00,3.5149646201231204
2021-12-27 4:00,3.3801897107533834
2021-12-27 5:00,22.025298166962607
2021-12-27 6:00,93.93318270475305
2021-12-27 7:00,269.28795854363796
2021-12-27 8:00,484.42643857820894
2021-12-27 9:00,248.22305814907966
2021-12-28 0:00,22.14518754548359
2021-12-28 10:00,110.82424599585354
2021-12-28 11:00,132.98919089777155
2021-12-28 12:00,159.78308077107326
2021-12-28 13:00,159.75700007527777
2021-12-28 14:00,155.09699222311463
2021-12-28 15:00,160.98491272859553
2021-12-28 16:00,204.42419376870848
2021-12-28 17:00,280.45321290340496
2021-12-28 18:00,278.91833801108584
2021-12-28 19:00,211.84926251602377
2021-12-28 1:00,8.677379391846017
2021-12-28 20:00,140.626312043742
2021-12-28 21:00,97.60568180752861
2021-12-28 22:00,81.79226889719412
2021-12-28 23:00,54.875553143724986
2021-12-28 2:00,4.845668834797168
2021-12-28 3:00,3.2864231042029437
2021-12-28 4:00,3.0370840422378267
2021-12-28 5:00,24.29783848583698
2021-12-28 6:00,94.18750239797198
2021-12-28 7:00,268.7504742125336
2021-12-28 8:00,459.6357148476446
2021-12-28 9:00,248.8853380383817
2021-12-29 0:00,57.18374042842819
2021-12-29 10:00,124.96084522275167
2021-12-29 11:00,134.3307451613391
2021-12-29 12:00,130.45965292901593
2021-12-29 13:00,130.77986031547331
2021-12-29 14:00,217.6513204954663
2021-12-29 15:00,204.98300519115006
2021-12-29 16:00,225.42797216738234
2021-12-29 17:00,178.64547271130627
2021-12-29 18:00,176.13587118807686
2021-12-29 19:00,112.87906746423711
2021-12-29 1:00,48.77527423557803
2021-12-29 20:00,93.24119495715374
2021-12-29 21:00,78.10205721410856
2021-12-29 22:00,78.89569246875693
2021-12-29 23:00,54.85727669074039
2021-12-29 2:00,38.119836028749944
2021-12-29 3:00,31.648805659698123
2021-12-29 4:00,8.870125765428106
2021-12-29 5:00,6.636796792533977
2021-12-29 6:00,9.98236528329337
2021-12-29 7:00,28.402078447141825
2021-12-29 8:00,72.26204223990531
2021-12-29 9:00,115.63701185671135
2021-12-30 0:00,62.70531640356613
2021-12-30 10:00,196.6756733699969
2021-12-30 11:00,213.4916103605981
2021-12-30 12:00,228.7016229118173
2021-12-30 13:00,233.86238493518468
2021-12-30 14:00,235.64785991240745
2021-12-30 15:00,225.0112225216435
2021-12-30 16:00,210.63595110967367
2021-12-30 17:00,181.3927454995059
2021-12-30 18:00,141.68154675762275
2021-12-30 19:00,177.5692515737288
2021-12-30 1:00,47.208212028582324
2021-12-30 20:00,91.25010388885883
2021-12-30 21:00,72.17007820206211
2021-12-30 22:00,58.060554069778355
2021-12-30 23:00,50.82833544391801
2021-12-30 2:00,38.6218377190602
2021-12-30 3:00,23.365480093982054
2021-12-30 4:00,8.07487796053698
2021-12-30 5:00,5.506219051724331
2021-12-30 6:00,8.080236759306409
2021-12-30 7:00,25.040350096493423
2021-12-30 8:00,77.92689926078083
2021-12-30 9:00,114.81239448275232
2021-12-31 0:00,13.259661185698619
2021-12-31 10:00,91.50208056193769
2021-12-31 11:00,95.85373839601104
2021-12-31 12:00,110.55777051255407
2021-12-31 13:00,139.20122497188675
2021-12-31 14:00,147.56464846625602
2021-12-31 15:00,157.19859661384294
2021-12-31 16:00,175.3233669998399
2021-12-31 17:00,274.99179336964244
2021-12-31 18:00,273.2495166281653
2021-12-31 19:00,206.4580893354857
2021-12-31 1:00,7.003520040160637
2021-12-31 20:00,154.62066274880257
2021-12-31 21:00,95.21352947597316
2021-12-31 22:00,103.31787811810997
2021-12-31 23:00,45.66069145506701
2021-12-31 2:00,3.959532278427592
2021-12-31 3:00,2.8346846124509795
2021-12-31 4:00,2.749900109980144
2021-12-31 5:00,20.35643437371094
2021-12-31 6:00,92.35340503789365
2021-12-31 7:00,267.39786205552315
2021-12-31 8:00,437.2614867793862
2021-12-31 9:00,236.01806669331435
